model,accuracy,roc_auc,dp
LogisticRegression,0.8539877300613496,0.9059007286274768,0.0
RandomForest,0.8466257668711656,0.8849526886683592,0.0
