model,accuracy,roc_auc,dp,threshold
LightGBM_ThresholdOptimized,0.8429447852760736,0.8963972503379382,0.0,0.4771186440677966
