threshold,accuracy,dp
0.4771186440677966,0.8681993681993682,0.0
