model,accuracy,roc_auc,dp
Fairlearn_ExponentiatedGradient,0.68,0.6031746031746033,0.23913043478260865
Fairlearn_GridSearch,0.68,0.6507936507936508,0.23913043478260865
