threshold,accuracy,dp
0.15677966101694915,0.7142857142857143,0.0
0.5076271186440677,0.7142857142857143,0.0
