group,positive_rate,intersectional_disparity
0_0,0.9782608695652174,0.14893617021276595
0_1,0.851063829787234,0.14893617021276595
1_0,1.0,0.14893617021276595
1_1,0.9598393574297188,0.14893617021276595
