threshold,accuracy,dp
0.05,0.7980049875311721,0.0
0.06525423728813559,0.7980049875311721,0.0
0.0805084745762712,0.7980049875311721,0.0
0.09576271186440678,0.7980049875311721,0.0
0.11101694915254237,0.7980049875311721,0.0
0.12627118644067797,0.7980049875311721,0.0
0.2635593220338983,0.7985804718971802,0.0004201330588189389
0.2788135593220339,0.7989641281411854,0.0004444224613084913
