model,accuracy,roc_auc,dp,threshold
LightGBM_ThresholdOptimized,0.8,0.6927282913165266,0.0027173913043477826,0.2788135593220339
