model,accuracy,roc_auc,dp
LogisticRegression,0.7986577181208053,0.6815798319327732,0.005824011071387414
RandomForest,0.7959731543624161,0.6978935574229692,0.027563141506170008
