model,accuracy,roc_auc,dp
AdaptiveController_LightGBM,0.789261744966443,0.6887170868347339,0.030604889862760998
